{"skins":{"default":{"1":{"1":{"triangles":[0,1,39,1,33,39,39,34,0,1,2,40,2,28,40,40,31,1,31,8,1,1,8,33,28,2,29,43,3,44,44,3,45,3,43,2,39,33,38,40,41,31,31,32,8,31,41,32,38,33,32,39,38,34,38,35,34,0,34,35,28,29,40,40,29,41,33,8,32,29,2,43,32,9,38,9,37,38,35,37,36,35,38,37,41,42,32,32,42,9,36,17,35,0,35,7,35,17,7,29,30,41,42,30,22,42,41,30,30,43,48,30,29,43,37,9,10,9,42,10,37,10,21,37,21,36,21,10,20,42,22,10,21,18,36,36,18,17,30,48,22,48,23,22,22,19,10,22,23,19,21,20,18,10,19,20,43,47,48,48,24,23,48,47,24,43,44,47,20,14,18,18,14,17,19,11,20,20,11,14,11,19,24,19,23,24,14,16,17,17,16,7,44,46,47,44,45,46,11,15,14,14,15,16,47,25,24,24,12,11,24,25,12,11,12,15,47,46,25,16,15,7,15,13,6,15,6,7,46,26,25,25,13,12,25,26,13,15,12,13,45,49,46,46,49,26,3,4,45,45,4,49,26,27,13,26,49,27,13,27,6,27,49,5,49,4,5,27,5,6],"uvs":[1,1,0.62582,1,0,1,0,0.22311,0,0.06149,0,0,0.5832,0,1,0,0.61517,0.88333,0.62582,0.70873,0.61517,0.53713,0.59652,0.355,0.55657,0.24211,0.53259,0.13073,0.74023,0.36323,0.7128,0.25897,0.83247,0.27729,0.8923,0.37591,0.82998,0.46185,0.58067,0.45198,0.71031,0.4548,0.80505,0.55201,0.45352,0.55624,0.43108,0.44494,0.41862,0.36182,0.37873,0.25615,0.3538,0.1364,0.36377,0.02933,0.19923,0.87323,0.2441,0.73516,0.31391,0.61682,0.51585,0.92254,0.60311,0.82392,0.71031,0.92254,0.94715,0.91409,0.94466,0.79011,0.88732,0.64077,0.76266,0.67881,0.79258,0.83237,0.80255,0.91409,0.36626,0.89577,0.44106,0.78447,0.52083,0.6774,0.16432,0.47453,0.14189,0.37027,0.12194,0.22093,0.21668,0.23079,0.25407,0.34491,0.29646,0.48016,0.20172,0.09977],"vertices":[2,1,-41.83,-74.4,0.99991,2,-88.83,-72.66,9.0E-5,2,1,-37.13,6.66,0.99996,2,-82.53,8.29,4.0E-5,3,1,-29.27,142.24,0.76263,2,-72,143.68,0.20031,3,-133.47,141.85,0.03706,5,2,225.43,120.55,0.00191,3,164.25,122.84,0.04715,4,101.01,123.8,0.19188,5,46.14,121.74,0.46482,6,-24.48,119.88,0.29424,4,3,226.18,118.89,0.00193,4,162.98,120.43,0.03327,5,107.88,115.43,0.33189,6,37.59,119.88,0.63291,3,4,186.56,119.15,0.02035,5,131.37,113.03,0.30672,6,61.2,119.88,0.67293,1,6,61.2,-6.68,1,3,4,174.78,-97.53,0.00715,5,109.29,-102.85,0.15536,6,61.2,-97.12,0.8375,1,1,7.73,6.38,1,3,2,28.98,-0.38,0.99999,3,-30.5,-0.81,1.0E-5,4,-92.56,-1.68,0,2,3,35.41,-2.7,0.99688,4,-26.64,-2.95,0.00312,3,4,43.42,-2.7,0.99932,5,-17.41,-1.88,6.4E-4,6,-75.12,-9.57,4.0E-5,3,3,149.27,2.78,1.0E-5,4,87.17,3.6,3.1E-4,5,26.6,2.34,0.99967,2,4,130.16,6.47,5.0E-5,6,11,4.3,0.99995,5,2,159.33,-35.42,4.0E-5,3,100.32,-34.03,0.05337,4,38.57,-33.67,0.80342,5,-23.73,-32.58,0.13423,6,-78.28,-40.75,0.00894,4,3,140.65,-30.64,0.00186,4,78.87,-29.9,0.22782,5,16.71,-30.73,0.69951,6,-38.25,-34.8,0.07082,4,3,131.98,-56.11,0.02146,4,70.44,-55.45,0.40754,5,7.07,-55.85,0.45309,6,-45.28,-60.77,0.11792,5,2,151.92,-67.95,0.00548,3,93.36,-66.66,0.1642,4,31.92,-66.36,0.63583,5,-31.93,-64.91,0.1703,6,-83.15,-73.75,0.0242,6,1,166.61,-49.53,2.0E-4,2,120.06,-51.9,0.032,3,61.29,-51.06,0.42057,4,-0.3,-51.06,0.51723,5,-63.38,-48.1,0.02939,6,-116.15,-60.23,6.2E-4,2,4,6.42,2.75,0.99954,5,-54.11,5.33,4.6E-4,4,2,124.77,-26.22,0.00373,3,65.64,-25.31,0.36271,4,3.81,-25.28,0.62799,5,-58.05,-22.54,0.00558,5,1,132.36,-42.12,0.00965,2,85.96,-43.82,0.14877,3,27.08,-43.45,0.67918,4,-34.58,-43.78,0.16138,5,-97.27,-39.19,0.00101,5,1,135.15,34.13,0.00562,2,90.26,32.35,0.0886,3,30.32,32.78,0.81758,4,-32.06,32.48,0.07988,5,-91.13,36.86,0.00832,6,1,178.1,36.51,2.1E-4,2,133.25,33.89,0.01172,3,73.28,34.91,0.29456,4,10.88,35.02,0.6393,5,-48.12,37.35,0.05416,6,-109.66,26.33,4.0E-5,5,2,165.28,34.11,0.00229,3,105.31,35.58,0.06004,4,42.9,35.99,0.69143,5,-16.09,36.79,0.24178,6,-77.74,29.04,0.00446,5,2,206.4,39.6,1.3E-4,3,146.35,41.63,0.01534,4,83.88,42.43,0.1877,5,25.16,41.28,0.71425,6,-37.16,37.69,0.08259,4,3,192.59,44.1,0.00161,4,130.09,45.33,0.02526,5,71.46,41.98,0.38977,6,8.82,43.1,0.58335,3,4,171.03,40.94,0.00131,5,112.14,35.64,0.11293,6,49.94,40.94,0.88576,4,1,16.82,96.26,0.68205,2,-26.82,96.81,0.24935,3,-87.64,95.6,0.06492,4,-150.61,94.18,0.00368,5,1,69.19,83.47,0.3221,2,25.28,82.99,0.42793,3,-35.35,82.5,0.21644,4,-98.2,81.58,0.03021,5,-154.85,89.05,0.00332,5,1,113.68,65.72,0.07086,2,69.42,64.36,0.3228,3,9.03,64.49,0.4986,4,-53.65,63.99,0.09156,5,-111.19,69.36,0.01619,3,1,-6.06,28.76,0.97374,2,-51.03,29.78,0.02521,3,-110.92,28.24,0.00105,2,1,30.66,7.67,0.99979,3,-74.33,6.93,2.1E-4,1,1,-8.5,-13.36,1,3,1,-8.23,-64.86,0.96251,2,-55.05,-63.79,0.03734,3,-113.64,-65.37,1.5E-4,4,1,39.33,-67.07,0.64943,2,-7.54,-66.94,0.31134,3,-66.09,-67.86,0.0385,4,-127.52,-69.07,7.3E-4,4,1,97.3,-57.97,0.11115,2,50.6,-58.98,0.47061,3,-8.07,-59.1,0.36245,4,-69.58,-59.76,0.05579,4,1,84.28,-30.12,0.09352,2,38.13,-30.88,0.74229,3,-20.93,-31.17,0.15569,4,-82.7,-31.96,0.0085,3,1,25.04,-33.19,0.87109,2,-21.16,-32.78,0.12642,3,-80.19,-33.9,0.0025,2,1,-6.42,-33.53,0.9873,2,-52.61,-32.5,0.0127,4,1,6.09,60.57,0.82664,2,-38.26,61.34,0.15237,3,-98.59,59.98,0.02076,4,-161.22,58.46,2.3E-4,4,1,47.81,41.9,0.47213,2,3.09,41.85,0.47894,3,-56.97,41.06,0.04735,4,-119.43,39.93,0.00159,5,1,87.86,22.24,0.02418,2,42.74,21.4,0.84359,3,-17.04,21.16,0.1309,4,-79.31,20.41,0.00131,5,-138.9,27.06,2.0E-5,6,1,170.11,94.96,0.01552,2,126.41,92.49,0.09444,3,65.63,93.41,0.37125,4,2.68,93.44,0.36349,5,-53.53,96.09,0.14899,6,-121.02,84.22,0.00632,6,1,210.36,97.5,0.00102,2,166.7,94.24,0.02796,3,105.89,95.72,0.19038,4,42.91,96.13,0.40115,5,-13.21,96.86,0.32743,6,-80.98,89.09,0.05205,5,2,224.21,94.1,0.00134,3,163.4,96.38,0.04042,4,100.41,97.33,0.18356,5,44.28,95.33,0.48458,6,-23.64,93.41,0.2901,5,2,218.84,73.9,9.3E-4,3,158.31,76.11,0.03433,4,95.51,77.01,0.18725,5,38.42,75.27,0.53587,6,-27.43,72.86,0.24162,6,1,218.67,72.64,4.0E-5,2,174.52,69.21,0.01158,3,114.06,70.8,0.1236,4,51.32,71.29,0.43738,5,-6,71.65,0.37979,6,-71.25,64.74,0.0476,6,1,166.29,66.46,0.00794,2,122.03,64.07,0.06908,3,61.64,64.93,0.43122,4,-1.04,64.92,0.39471,5,-58.6,67.79,0.09569,6,-123.18,55.54,0.00135,4,3,208.73,76.14,0.00312,4,145.93,77.52,0.0372,5,88.81,73.38,0.3377,6,22.89,76.1,0.62198],"width":217,"edges":[0,14,0,2,2,4,10,12,12,14,8,10,4,6,6,8],"type":"mesh","hull":8,"height":384}},"HG2":{"HG":{"rotation":-90.95,"x":12.29,"width":158,"y":-38.54,"height":35}},"TS2":{"TS":{"rotation":-89.12,"x":5.04,"width":149,"y":47.8,"height":43}},"BG2":{"BG":{"rotation":-69.52,"x":-100.7,"width":182,"y":26.08,"height":389}}}},"skeleton":{"images":"../Images/","width":217,"spine":"3.6.53","hash":"kc9W980SavUAnu8wPAQqHN1/Rwo","height":403.31},"slots":[{"attachment":"BG","name":"BG2","bone":"bone9"},{"name":"BG","bone":"root"},{"attachment":"1","name":"1","bone":"root"},{"attachment":"TS","name":"TS2","bone":"bone8"},{"name":"TS","bone":"root"},{"attachment":"HG","name":"HG2","bone":"bone7"},{"name":"HG","bone":"root"}],"bones":[{"name":"root"},{"parent":"root","rotation":93.32,"name":"bone","length":45.55,"x":19.66,"y":-137.73},{"parent":"bone","rotation":1.13,"name":"bone2","length":59.49,"x":45.55},{"parent":"bone2","rotation":-0.8,"name":"bone3","length":62.07,"x":59.49},{"parent":"bone3","rotation":-0.54,"name":"bone4","length":60.72,"x":62.07},{"parent":"bone4","rotation":2.73,"name":"bone5","length":58.29,"x":60.72},{"parent":"bone5","rotation":-5.84,"name":"bone6","length":73.81,"x":58.29},{"parent":"root","rotation":90.95,"name":"bone7","length":34.68,"x":-37.44,"y":-41.95},{"parent":"root","rotation":89.12,"name":"bone8","length":37.57,"x":48.11,"y":-3.8},{"parent":"root","rotation":69.52,"name":"bone9","length":107.36,"x":59.67,"y":85.21}],"animations":{"animation":{"bones":{"bone3":{"rotate":[{"curve":[0.25,0,0.75,1],"angle":0,"time":0},{"curve":[0.25,0,0.75,1],"angle":-5.28,"time":1.3333},{"angle":0,"time":2.6667}],"scale":[{"curve":"stepped","x":1,"y":1,"time":0},{"x":1,"y":1,"time":2.6667}],"translate":[{"curve":"stepped","x":0,"y":0,"time":0},{"x":0,"y":0,"time":2.6667}]},"root":{"rotate":[{"curve":"stepped","angle":0,"time":0},{"angle":0,"time":2.6667}],"scale":[{"curve":"stepped","x":1,"y":1,"time":0},{"x":1,"y":1,"time":2.6667}],"translate":[{"curve":"stepped","x":0,"y":0,"time":0},{"x":0,"y":0,"time":2.6667}]},