{"skins":{"default":{"14_honv":{"14_honv":{"triangles":[14,13,15,15,13,35,41,9,40,35,41,42,35,42,36,13,41,35,9,41,13,11,10,9,12,11,9,13,12,9,37,33,32,30,33,34,31,17,32,17,31,30,18,17,30,31,32,33,30,31,33,37,21,33,20,33,21,18,30,34,36,42,37,36,37,32,34,33,20,19,34,20,18,34,19,16,36,32,16,35,36,17,16,32,15,35,16,39,4,3,39,3,38,40,5,4,40,4,39,42,40,39,7,6,8,5,8,6,29,37,39,42,39,37,8,5,40,41,40,42,8,40,9,1,0,26,27,26,25,27,25,24,2,1,26,2,26,27,28,2,27,38,3,2,28,38,2,27,24,23,23,28,27,22,28,23,29,38,28,29,39,38,22,29,28,21,29,22,21,37,29],"uvs":[0.40269,0.00485,0.45009,0.06899,0.50179,0.14494,0.46301,0.21246,0.34667,0.25128,0.12907,0.31035,0,0.42176,0.00411,0.51797,0.06659,0.55679,0.12907,0.57029,0.06875,0.59392,0.10537,0.70532,0.18078,0.72895,0.24757,0.69688,0.18724,0.77621,0.24972,0.87242,0.37928,0.964,0.47313,1,0.71411,1,0.89421,1,0.9145,0.78713,0.98299,0.60232,1,0.39962,1,0.21281,0.93986,0.06973,0.77245,0,0.55431,0,0.73948,0.12537,0.69889,0.30423,0.6304,0.43737,0.72184,0.88209,0.67501,0.80871,0.59891,0.71852,0.73354,0.79342,0.80964,0.90196,0.32635,0.63641,0.47913,0.61979,0.57461,0.54664,0.59159,0.3538,0.41335,0.40534,0.26905,0.43859,0.22874,0.55329,0.3603,0.5001],"vertices":[1,6,-3.22,-48.82,1,2,6,4.16,-39.83,0.99147,7,20.63,-58.41,0.00853,2,6,13.1,-29.68,0.90937,7,14.27,-46.48,0.09063,2,6,24.7,-30.43,0.63441,7,19.04,-35.88,0.36559,2,6,35.43,-41.69,0.21443,7,33.35,-29.79,0.78557,2,6,53.51,-63.49,0.00394,7,60.12,-20.51,0.99606,2,7,75.99,-3.02,0.99937,8,14.83,-39.38,0.00063,2,7,75.49,12.08,0.89156,8,24.18,-27.51,0.10844,2,7,67.8,18.18,0.70074,8,22.24,-17.9,0.29926,2,7,60.12,20.3,0.28769,8,17.74,-11.32,0.71231,2,7,67.54,24.01,0.06358,8,25.8,-13.27,0.93642,2,9,10.55,-55.92,0.00213,8,33.63,3,0.99787,2,9,15.18,-47.07,0.03866,8,28.94,11.82,0.96134,2,9,10.99,-38.39,0.22264,8,19.41,13.27,0.77736,2,9,22.64,-47.03,0.50907,8,33.12,18,0.49093,2,9,38.44,-40.9,0.6757,8,36.98,34.5,0.3243,2,9,54.35,-26.5,0.89175,8,34.07,55.77,0.10825,2,9,61.14,-15.58,0.96422,8,28.9,67.53,0.03578,2,6,129.62,41.91,0.00171,9,64.12,13.91,0.99829,2,6,121.85,62.65,0.00987,9,66.36,35.95,0.99013,2,6,89.68,53.25,0.13876,9,33.36,41.8,0.86124,2,6,59.55,50.95,0.49779,9,5.34,53.1,0.50221,2,6,29.02,41.73,0.87586,9,-26.11,58.39,0.12414,2,6,1.56,31.44,0.99485,9,-55.29,61.35,0.00515,1,6,-16.88,16.62,1,1,6,-19.9,-6.5,1,2,6,-10.48,-31.63,0.99947,7,7.81,-69.24,0.00053,2,6,-0.05,-3.39,0.99961,7,-14.96,-49.55,0.00039,2,6,28,1.8,0.99927,9,-44.75,23.05,0.00073,3,6,50.53,1.25,0.85169,7,-1.55,-0.57,0.14251,9,-24.8,12.56,0.0058,2,6,111.96,36.29,0.0161,9,45.8,16.72,0.9839,2,6,103.19,26.86,0.02401,9,33.76,12.15,0.97599,2,6,93.22,13.12,0.011,9,18.73,4.26,0.989,2,6,98.42,32.75,0.05705,9,32.1,19.55,0.94295,2,6,111.09,47.5,0.02481,9,49.99,27.15,0.97519,2,9,2.53,-27.79,0.24218,8,5.88,12.26,0.75782,3,7,17.06,28.07,0.02912,9,1.82,-8.83,0.77444,8,-10.16,22.38,0.19643,4,6,69,0.85,0.03989,7,5.32,16.59,0.36094,9,-8.42,4.01,0.5923,8,-26.54,21.18,0.00687,2,6,39.92,-7.83,0.75158,7,3.23,-13.69,0.24842,2,6,55.19,-25.52,0.03832,7,25.15,-5.6,0.96168,2,6,66.31,-40.3,0.00023,7,42.9,-0.38,0.99977,2,7,47.86,17.63,0.15149,8,6.64,-5.46,0.84851,3,7,31.68,9.28,0.58511,9,-18.35,-21.48,0.04691,8,-11.11,-1.41,0.36798],"width":123,"edges":[0,2,2,4,4,6,6,8,8,10,10,12,12,14,14,16,16,18,18,20,20,22,22,24,24,26,26,28,28,30,30,32,32,34,34,36,36,38,38,40,40,42,42,44,44,46,46,48,48,50,50,52,0,52,36,60,60,62,62,64,64,66,66,68,68,38,26,70,70,72,72,74,74,58,58,76,76,6,18,82,82,84,84,70],"type":"mesh","hull":27,"height":157}},"14_coin2":{"14_coin2":{"x":-8.41,"width":68,"y":1.08,"height":53}},"14_rong2":{"14_rong":{"x":7.94,"width":118,"y":5.94,"height":57}},"14_rongnv":{"14_rongnv":{"triangles":[20,21,46,20,46,45,19,20,45,44,19,45,18,44,43,18,19,44,17,18,43,16,17,43,15,16,43,2,3,4,5,50,4,9,5,6,9,6,7,8,9,7,27,28,23,27,23,24,26,27,24,26,24,25,52,51,5,43,14,15,14,43,44,45,46,47,34,37,49,36,34,35,37,34,36,49,37,38,33,34,49,32,33,49,48,49,38,48,38,39,51,48,39,49,30,31,49,31,32,47,48,51,47,51,52,29,30,49,49,22,29,46,48,47,22,49,48,10,52,9,48,46,22,52,44,47,10,44,52,10,14,44,11,14,10,12,14,11,13,14,12,44,45,47,41,42,0,40,41,0,1,40,0,2,40,1,39,40,2,50,39,2,50,51,39,50,2,4,51,50,5,9,52,5,28,29,22,23,28,22,46,21,22],"uvs":[0.84114,0.1209,0.87553,0.19134,0.86009,0.31259,0.94442,0.24884,0.96105,0.44134,0.95749,0.54884,1,0.60884,1,0.73134,0.9097,0.76853,0.84016,0.69283,0.82098,0.71302,0.87013,0.77231,0.88931,0.84044,0.86054,0.901,0.75624,0.88208,0.77182,0.9603,0.72866,1,0.63874,0.97922,0.59079,0.88712,0.53324,0.82909,0.46011,0.77988,0.40157,0.74579,0.32355,0.75069,0.29849,0.82834,0.32216,0.90599,0.36537,1,0.23886,1,0.14785,0.89111,0.0774,0.77844,0.07036,0.61981,0,0.51603,0,0.34998,0.07881,0.18097,0.18166,0.07867,0.30282,0,0.46517,0,0.50499,0.0716,0.52139,0.14432,0.56707,0.21211,0.65491,0.25525,0.69356,0.185,0.75213,0.06914,0.79898,0,0.71056,0.88164,0.66936,0.78835,0.57072,0.74762,0.46459,0.70163,0.58209,0.55541,0.51278,0.42812,0.31706,0.28795,0.82469,0.42414,0.79276,0.49471,0.79276,0.58881],"vertices":[1,12,0.07,78.02,1,1,12,13.44,75.41,1,1,12,28.1,60.31,1,2,12,28.93,79.09,0.05529,14,-31.36,43.54,0.94471,2,12,56.8,60.97,0.00866,14,-3.49,25.42,0.99134,1,14,10.64,13.47,1,2,12,83.79,48.68,0.00087,14,23.5,13.13,0.99913,2,12,100.35,35.64,0.03157,14,40.06,0.09,0.96843,2,12,95.26,18.84,0.09591,14,34.97,-16.71,0.90409,1,12,77.24,17.01,1,1,12,77.82,12.14,1,2,12,91.34,12.81,0.99186,14,31.05,-22.73,0.00814,1,12,102.69,8.29,1,2,12,107.65,-2.24,0.98325,13,52.26,25.77,0.01675,2,12,93.42,-15.06,0.78802,13,37.28,13.82,0.21198,2,12,105.73,-21.17,0.55159,13,49.21,6.99,0.44841,1,13,49.12,-3.39,1,1,13,35.64,-13.18,1,1,13,18.03,-9.14,1,1,13,3.65,-10.29,1,2,12,46.44,-46.29,0.11896,13,-11.47,-14.56,0.88104,2,12,35.28,-50.99,0.29411,13,-22.89,-18.59,0.70589,1,12,27.2,-62.6,1,1,12,34.89,-74.43,1,1,12,48.03,-79.33,1,1,12,65.58,-83.19,1,1,12,51.41,-101.18,1,1,12,26.5,-102.53,1,1,12,3.39,-100.56,1,1,12,-18.84,-84.68,1,1,12,-40.74,-83.64,1,2,12,-63.17,-65.97,0.80323,13,-122.06,-27.68,0.19677,2,12,-77.19,-36.77,0.90407,13,-134.31,2.29,0.09593,2,12,-79.49,-11.26,0.95993,13,-135.09,27.89,0.04007,2,12,-76.55,14.34,0.99056,13,-130.64,53.27,0.00944,2,12,-58.37,37.42,0.99997,13,-111.12,75.24,3E-05,1,12,-44.24,35.47,1,1,12,-32.57,30.06,1,1,12,-18.3,29.34,1,1,12,-2.63,37.24,1,1,12,-7.79,50.21,1,1,12,-16.89,70.87,1,1,12,-20.99,84.89,1,2,12,88.24,-21.51,0.52482,13,31.73,7.69,0.47518,2,12,71.02,-17.44,0.72923,13,14.78,12.78,0.27077,2,12,54.47,-27.13,0.45329,13,-2.31,4.09,0.54671,2,12,36.37,-37.33,0.29231,13,-20.99,-5.02,0.70769,2,12,29.77,-5.06,0.95845,13,-25.66,27.59,0.04155,2,12,4.81,-1.37,0.99729,13,-50.36,32.76,0.00271,2,12,-36.05,-14.28,0.94109,13,-91.91,22.3,0.05891,1,12,39.21,43.41,1,1,12,45.16,31.36,1,1,12,57.88,21.34,1],"width":181,"edges":[42,40,40,38,38,36,36,34,34,32,32,30,30,28,28,26,26,24,24,22,22,20,20,18,18,16,16,14,14,12,12,10,10,8,8,6,6,4,4,2,2,0,0,84,84,82,82,80,80,78,78,76,76,74,74,72,72,70,68,70,68,66,66,64,64,62,60,62,60,58,58,56,56,54,54,52,50,52,50,48,48,46,46,44,44,42,30,86,86,88,88,90,90,92,92,42,4,100,100,102,102,104,104,18],"type":"mesh","hull":43,"height":172}},"14_coin1":{"14_coin1":{"x":0.77,"width":43,"y":-2.18,"height":43}},"14_ho":{"14_ho":{"x":1.19,"width":66,"y":2.32,"height":57}},"14_clipping":{"14_clipping":{"color":"ce3a3aff","vertices":[-98.1,58.08,-94.45,73.82,-75.62,87.02,-36.85,97.98,3.06,101.35,50.26,95.73,82.55,85.37,98.12,65.36,98.53,-46.98,86.92,-66.15,51.98,-81.7,15.82,-87.76,-28.82,-85.94,-74.42,-73.83,-95.51,-56.52,-99.09,-40.4],"end":"14_rongnv","type":"clipping","vertexCount":16}},"14_ho2":{"14_ho":{"x":1.19,"width":66,"y":2.32,"height":57}},"14_BG":{"14_BG":{"x":-0.5,"width":199,"y":5,"height":191}},"14_khung":{"14_khung":{"width":223,"height":215}},"14_rong":{"14_rong":{"x":7.94,"width":118,"y":5.94,"height":57}}}},"skeleton":{"images":"../../../Google Drive/GiangHoang/T7.2021/Lobby/lobby/images/","width":288.92,"spine":"3.6.53","hash":"kaFonPt6LzvAN42eIj1yXFSDJOY","height":252.6},"slots":[{"attachment":"14_BG","name":"14_BG",