{"skins":[{"attachments":{"as3":{"as3":{"x":0.5,"width":132,"y":0.5,"height":61}},"as2":{"as2":{"x":0.5,"width":132,"y":0.5,"height":61}},"b":{"b":{"x":0.5,"width":53,"y":0.5,"height":43}},"as4":{"as4":{"x":0.5,"width":132,"y":0.5,"height":61}},"sparkle2":{"anh":{"width":142,"height":68}},"Jackpots":{"Jackpots":{"x":0.5,"width":132,"y":0.5,"height":61}},"H1":{"H1":{"width":96,"height":56}},"H2":{"H2":{"x":0.66,"width":94,"y":22.97,"height":20}},"L":{"Lai":{"width":100,"height":98}},"ST2":{"ST2":{"width":30,"y":0.5,"height":45}},"ST1":{"ST1":{"triangles":[17,0,14,16,0,17,1,0,16,15,16,35,14,32,33,17,14,33,34,16,17,33,34,17,24,18,34,15,1,16,19,34,18,34,33,24,13,32,14,34,19,35,34,35,16,2,1,15,33,26,24,25,26,33,30,33,32,25,33,30,20,35,19,23,18,24,27,26,25,22,21,20,29,30,32,3,2,15,36,15,35,36,35,20,36,20,21,22,19,18,22,18,23,22,20,19,38,24,26,39,38,26,23,24,38,30,27,25,28,30,29,28,27,30,27,39,26,40,39,27,31,32,13,29,32,31,37,22,23,37,23,38,36,21,22,37,36,22,28,40,27,41,29,31,28,29,41,40,28,41,4,3,15,4,15,36,31,13,12,41,31,12,4,36,37,11,10,41,11,41,12,37,5,4,7,5,37,6,5,7,40,9,37,38,40,37,40,38,39,8,7,37,10,9,40,10,40,41,9,8,37],"uvs":[0.37653,0.01863,0.18501,0.15284,0.01721,0.1831,0,0.3081,0.10196,0.40415,0.00659,0.56367,0.00319,0.74438,0.12994,0.91117,0.34486,0.99643,0.46758,0.99485,0.8882,0.87873,0.99125,0.73241,0.98808,0.51392,0.93045,0.2034,0.65684,0.00741,0.19827,0.24104,0.40328,0.09956,0.60342,0.08567,0.39508,0.21776,0.33237,0.22566,0.29169,0.27171,0.29508,0.30329,0.34254,0.32039,0.43067,0.27829,0.43237,0.24539,0.67982,0.23224,0.65101,0.24934,0.65779,0.28223,0.74423,0.33355,0.7866,0.30592,0.75609,0.24934,0.88894,0.34225,0.80589,0.23568,0.69572,0.19489,0.37878,0.19489,0.27539,0.23962,0.26183,0.31331,0.38725,0.35278,0.5059,0.32383,0.63471,0.33436,0.67538,0.35936,0.86521,0.40015],"vertices":[-6.78,36.58,-18.08,26.38,-27.98,24.08,-29,14.58,-22.98,7.28,-28.61,-4.84,-28.81,-18.57,-21.33,-31.25,-8.65,-37.73,-1.41,-37.61,23.4,-28.78,29.48,-17.66,29.3,-1.06,25.9,22.54,9.75,37.44,-17.3,19.68,-5.21,30.43,6.6,31.49,-5.69,21.45,-9.39,20.85,-11.79,17.35,-11.59,14.95,-8.79,13.65,-3.59,16.85,-3.49,19.35,11.11,20.35,9.41,19.05,9.81,16.55,14.91,12.65,17.41,14.75,15.61,19.05,23.45,11.99,18.55,20.09,12.05,23.19,-6.65,23.19,-12.75,19.79,-13.55,14.19,-6.15,11.19,0.85,13.39,8.45,12.59,10.85,10.69,22.05,7.59],"type":"mesh","hull":15}},"ST3":{"ST3":{"width":30,"y":0.5,"height":45}},"5":{"5":{"width":34,"height":36}},"nap":{"nap":{"triangles":[15,0,14,1,0,15,10,22,11,21,12,11,13,15,14,12,15,13,12,16,15,22,21,11,20,12,21,16,12,20,17,16,20,26,3,2,23,22,10,24,22,23,19,17,20,4,3,26,16,17,2,18,17,19,2,15,16,15,2,1,18,27,17,17,27,2,26,2,27,21,24,20,24,21,22,25,20,24,19,20,25,23,10,9,24,23,9,8,24,9,8,25,24,7,25,8,6,27,18,6,18,19,25,6,19,6,25,7,27,5,4,27,4,26,5,27,6],"uvs":[0.38122,0.01182,0.23763,0.11468,0.21814,0.30134,0.05917,0.21372,0.00379,0.50324,0.02122,0.97753,0.47865,0.968,0.94224,0.96038,0.98634,0.61943,0.99557,0.57372,0.99352,0.34515,0.74121,0.04992,0.5884,0.19468,0.51045,0.02134,0.44994,0.00801,0.40686,0.10515,0.48173,0.22896,0.50224,0.37753,0.48583,0.50324,0.54224,0.49372,0.62839,0.3661,0.71968,0.23848,0.79968,0.22325,0.94839,0.40991,0.90121,0.47277,0.7648,0.53943,0.08789,0.40039,0.30224,0.5261],"vertices":[-13.4,31.26,-30.2,24.78,-32.48,13.02,-51.08,18.54,-57.56,0.3,-55.52,-29.58,-2,-28.98,52.24,-28.5,57.4,-7.02,58.48,-4.14,58.24,10.26,28.72,28.86,10.84,19.74,1.72,30.66,-5.36,31.5,-10.4,25.38,-1.64,17.58,0.76,8.22,-1.16,0.3,5.44,0.9,15.52,8.94,26.2,16.98,35.56,17.94,52.96,6.18,47.44,2.22,31.48,-1.98,-47.72,6.78,-22.64,-1.14],"type":"mesh","hull":15}},"as1":{"as1":{"x":0.5,"width":132,"y":0.5,"height":61}}},"name":"default"}],"skeleton":{"x":-64.58,"width":132,"y":-30.02,"spine":"3.8.99","hash":"v0sNXA4uz/pcwTmoKvknD2hybsw","height":152.8699999999999},"slots":[{"attachment":"H2","name":"H2","bone":"H1"},{"attachment":"b","name":"b","bone":"b"},{"attachment":"Lai","name":"L","bone":"L"},{"attachment":"ST3","name":"ST3","bone":"ST3"},{"attachment":"ST2","name":"ST2","bone":"ST2"},{"attachment":"ST1","name":"ST1","bone":"ST1"},{"attachment":"H1","name":"H1","bone":"H1"},{"attachment":"Jackpots","name":"Jackpots","bone":"bone JP"},{"attachment":"as1","name":"as1","bone":"bone2"},{"attachment":"as2","name":"as2","bone":"bone2"},{"attachment":"as3","name":"as3","bone":"bone2"},{"attachment":"as4","name":"as4","bone":"bone2"},{"attachment":"5","blend":"screen","name":"5","bone":"bone3"},{"attachment":"nap","name":"nap","bone":"nap"},{"attachment":"anh","name":"sparkle2","bone":"sparkle2"}],"bones":[{"name":"root","length":30,"x":-29.08},{"parent":"root","name":"bone JP","x":30},{"parent":"root","name":"bone2","x":30},{"parent":"root","name":"bone3","x":30},{"parent":"root","name":"ST1","x":33.41,"y":22.52},{"parent":"root","name":"H1","x":34.97,"y":-2.02},{"parent":"root","name":"ST2","x":1.81,"y":35.26},{"parent":"root","name":"ST3","x":67.35,"y":30.28},{"parent":"root","name":"nap","x":27.12,"y":73.68},{"parent":"root","name":"b","x":56.75,"y":29.23},{"parent":"root","name":"L","x":29.08,"y":20.47},{"scaleX":0.5583,"parent":"nap","scaleY":0.7082,"name":"sparkle2","length":100,"x":-22.74,"y":25.1}],"animations":{"jar":{"slots":{"as3":{"attachment":[{"name":null},{"name":"as3","time":0.4667},{"name":null,"time":0.5333},{"name":null,"time":1.1667},{"name":"as3","time":1.6333},{"name":null,"time":1.7000000000000002}]},"as2":{"attachment":[{"name":null},{"name":"as2","time":0.4000000000000001},{"name":null,"time":0.46669999999999995},{"name":null,"time":1.1667},{"name":"as2","time":1.5667},{"name":null,"time":1.6332999999999998}]},"as4":{"attachment":[{"name":null},{"name":"as4","time":0.5333},{"name":null,"time":0.5667},{"name":null,"time":1.1667},{"name":"as4","time":1.6999999999999997},{"name":null,"time":1.7332999999999998}]},"sparkle2":{"color":[{"color":"ffffff00","curve":"stepped"},{"color":"ffffff00","time":0.8333000000000002},{"color":"ffffffff","curve":"stepped","time":0.9667000000000001},{"color":"ffffffff","curve":"stepped","time":1.2333000000000003},{"color":"ffffffff","time":1.4},{"color":"ffffff00","time":1.6667}]},"5":{"attachment":[{"name":null},{"name":"5","time":0.5333000000000001},{"name":null,"time":0.8667},{"name":null,"time":1.1667},{"name":"5","time":1.7},{"name":null,"time":2.0333}]},"Jackpots":{"attachment":[{"name":null,"time":0.33329999999999993},{"name":"Jackpots","time":0.5667},{"name":null,"time":1.5},{"name":"Jackpots","time":1.7333000000000003}]},"as1":{"attachment":[{"name":null},{"name":"as1","time":0.33330000000000004},{"name":null,"time":0.39999999999999997},{"name":null,"time":1.1667},{"name":"as1","time":1.5},{"name":null,"time":1.5667}]}},"bones":{"ST2":{"rotate":[{"curve":"stepped","angle":3.42},{"angle":3.42,"time":0.33330000000000004},{"angle":20.15,"time":1},{"angle":-20.23,"time":1.6667000000000003},{"curve":"stepped","angle":3.42,"time":2.1667000000000005},{"angle":3.42,"time":2.3333}],"scale":[{"curve":"stepped","x":0.9509999999999998,"y":0.951},{"c3":0.75,"curve":0.25,"x":0.9510000000000001,"y":0.951,"time":0.3333},{"c3":0.75,"curve":0.25,"x":0.8510000000000001,"y":0.851,"time":1.6667},{"curve":"stepped","x":0.9510000000000001,"y":0.9510000000000001,"time":2.1667},{"x":0.951,"y":0.951,"time":2.3333}],"translate":[{"curve":"stepped","x":5.26,"y":-12.85},{"x":5.26,"y":-12.85,"time":0.3333},{"x":-3.14,"y":-11.45,"time":1},{"x":4.09,"y":-6.88,"time":1.6667},{"y":-11.68,"time":2.1667},{"x":5.26,"y":-12.85,"time":2.3333}]},"ST1":{"rotate":[{"curve":"stepped","angle":3.42},{"angle":3.42,"time":0.16670000000000001},{"angle":-4.57,"time":0.6667000000000001},{"angle":4.88,"time":1.2},{"angle":-4.57,"time":1.6666999999999998},{"curve":"stepped","angle":3.42,"time":2.1667},{"angle":3.42,"time":2.3333}],"scale":[{"curve":"stepped","x":0.951,"y":0.951},{"x":0.951,"y":0.9509999999999998,"time":0.1667},{"curve":"stepped","x":0.924,"y":0.9239999999999999,"time":0.6667},{"x":0.924,"y":0.9240000000000002,"time":1.6667},{"curve":"stepped","x":0.951,