{"skins":{"default":{"Layer 156 copy 8":{"Layer 156 copy 8":{"triangles":[1,2,3,1,3,0],"uvs":[1,1,0,1,0,0,1,0],"vertices":[13.12,-18.77,-30.08,-18.77,-30.08,24.43,13.12,24.43],"edges":[0,2,2,4,4,6,0,6],"width":36,"type":"mesh","hull":4,"height":36}},"Layer 156 copy 9":{"Layer 156 copy 7":{"triangles":[1,2,3,1,3,0],"uvs":[1,1,0,1,0,0,1,0],"vertices":[-87.18,-32.45,-133.66,-12.89,-111.51,39.72,-65.04,20.16],"edges":[0,2,2,4,4,6,0,6],"width":53,"type":"mesh","hull":4,"height":60}},"cards":{"cards":{"scaleX":0.4929,"scaleY":0.5002,"rotation":-2.03,"x":14.99,"width":256,"y":21.82,"height":173}},"Layer 12":{"Layer 11":{"triangles":[9,0,1,9,3,4,6,9,4,6,4,5,8,9,6,7,8,6,9,1,3,3,1,2,11,0,9,12,0,11,10,11,9,13,0,12],"uvs":[0.04492,0.40506,0.04241,0.35383,0.1611,0.03667,0.42054,0,0.73655,0.00785,0.94115,0.03207,0.94334,0.22865,0.94835,0.6942,0.80414,0.75568,0.5432,0.74718,0.31308,0.83796,0.19508,0.79369,0.09119,0.83077,0.05074,0.84311],"color":"b5292951","vertices":[-165.88,73.09,-167.1,78.44,-125.62,115.37,-31.12,126.61,84.29,134.75,159.12,137.99,161.07,117.24,165.61,68.11,113.32,57.52,18.02,51.02,-65.46,34.88,-108.8,36.22,-146.51,29.35,-161.2,26.9],"edges":[0,2,2,4,4,6,6,8,8,10,10,12,12,14,14,16,16,18,18,20,20,22,22,24,24,26,0,26],"width":259,"type":"mesh","hull":14,"height":117}},"Layer 156 copy 7":{"Layer 156 copy 7":{"triangles":[1,2,3,1,3,0],"uvs":[1,1,0,1,0,0,1,0],"vertices":[12.68,-19.02,-14.77,-28.8,-25.85,2.28,1.61,12.06],"edges":[0,2,2,4,4,6,0,6],"width":53,"type":"mesh","hull":4,"height":60}},"BACCARAT":{"BACCARAT":{"triangles":[5,6,7,4,7,10,7,4,5,10,3,4,9,10,7,2,3,10,1,2,10,11,0,1,10,11,1,8,9,7,13,14,0,11,13,0,12,13,11],"uvs":[0,0.25893,0.09361,0.13314,0.21291,0.04929,0.38711,0,0.68061,0,0.92377,0,1,0,1,0.36044,0.96261,0.84274,0.7943,0.78814,0.56125,0.80634,0.42142,0.84274,0.20391,1,0.08997,1,0,1],"vertices":[-123,16.87,-99.97,25.68,-70.62,31.55,-27.77,35,44.43,35,104.25,35,123,35,123,9.77,113.8,-23.99,72.4,-20.17,15.07,-21.44,-19.33,-23.99,-72.84,-35,-100.87,-35,-123,-35],"edges":[0,2,2,4,4,6,6,8,8,10,10,12,12,14,14,16,16,18,18,20,20,22,22,24,24,26,26,28,0,28],"width":246,"type":"mesh","hull":15,"height":70}},"Layer 101":{"Layer 101":{"triangles":[13,12,14,2,5,4,0,15,14,11,10,12,3,2,4,7,6,5,7,1,0,12,0,14,10,9,12,1,5,2,1,7,5,0,12,7,12,8,7,9,8,12],"uvs":[0.51999,0.00572,0.33074,0.02938,0.11783,0.13414,0.04686,0.24905,0,0.4383,0,0.72218,0.06375,0.89791,0.29018,0.9824,0.56392,1,0.75656,0.97564,0.93567,0.87426,0.99988,0.67487,1,0.47209,0.97284,0.26256,0.8647,0.11387,0.74642,0.03614],"vertices":[-1.38,64.36,-24.77,61.44,-51.09,48.49,-59.86,34.29,-65.65,10.9,-65.65,-24.18,-57.77,-45.9,-29.78,-56.34,4.05,-58.52,27.85,-55.51,49.99,-42.98,57.93,-18.34,57.94,6.72,54.58,32.62,41.22,51,26.6,60.6],"edges":[0,2,2,4,4,6,6,8,8,10,10,12,12,14,14,16,16,18,18,20,20,22,22,24,24,26,26,28,28,30,0,30],"width":166,"type":"mesh","hull":16,"height":166},"Layer 101-2":{"triangles":[9,7,8,5,6,7,11,0,2,2,0,1,11,9,10,11,7,9,7,2,5,11,12,0,11,2,7,2,4,5,3,4,2],"uvs":[0.88842,0.13479,0.98115,0.26618,1,0.41639,0.9377,0.81843,0.56223,0.99199,0.25903,0.96458,0.0681,0.81488,1.0E-5,0.58641,1.0E-5,0.33846,0.08404,0.20032,0.20978,0.05863,0.40815,0,0.69152,0],"vertices":[64.48,60.63,79.87,38.81,83,13.88,72.66,-52.86,10.33,-81.67,-40,-77.12,-71.7,-52.27,-83,-14.34,-83,26.82,-69.05,49.75,-48.18,73.27,-15.25,83,31.79,83],"edges":[22,20,20,18,18,16,14,16,14,12,8,6,6,4,22,24,12,10,10,8,0,2,2,4,24,0],"width":166,"type":"mesh","hull":13,"height":166}},"Group 3 copy2":{"Group 3 copy2":{"triangles":[6,4,5,17,15,16,17,14,15,13,14,17,4,6,3,9,1,2,10,0,1,8,9,2,3,8,2,6,8,3,7,8,6,9,10,1,11,17,0,11,0,10,13,17,11,12,13,11],"uvs":[0.42473,0.12483,0.65653,0.05783,0.73834,0.019,0.82833,0.05088,0.88424,0.0686,1,0.22424,0.97566,0.62726,0.9566,0.8924,0.77934,0.90288,0.68253,0.89927,0.54072,0.90977,0.29528,0.93434,0.06757,0.95185,0.01909,0.7609,0,0.6124,0,0.43916,0.01635,0.24473,0.17384,0.17414],"vertices":[-14.58,30.61,32.34,34.94,48.93,37.67,67.05,34.78,78.31,33.15,101.44,20.38,95.87,-11.35,91.59,-32.22,55.78,-32.31,36.23,-31.63,7.57,-31.87,-42.03,-32.79,-88.05,-33.24,-97.53,-17.95,-101.15,-6.14,-100.87,7.54,-97.25,22.83,-65.33,27.75],"edges":[32,34,34,0,0,2,2,4,4,6,6,8,8,10,10,12,12,14,14,16,16,18,18,20,20,22,22,24,24,26,26,28,28,30,30,32],"width":202,"type":"mesh","hull":18,"height":79}},"BACCARAT2":{"BACCARAT2":{"triangles":[11,14,10,13,4,12,1,13,0,9,10,14,1,4,13,3,4,1,5,12,4,2,3,1,6,11,12,6,12,5,7,8,9,14,11,6,14,7,9,7,14,6],"uvs":[1,0.28095,0.97096,0.26793,0.95243,0.77143,0.8425,0.74105,0.63747,0.73671,0.48308,0.75841,0.27064,0.86692,0.09896,1,0.03597,1,0,0.58045,0,0.26793,0.21506,0.10732,0.37069,0,1,0,0.11872,0.18111],"vertices":[122.83,16.67,115.67,17.5,111.5,-17.79,84.43,-15.96,34,-16.2,-3.96,-18.13,-56.14,-26.3,-98.27,-36.07,-113.76,-36.24,-122.93,-6.97,-123.17,14.91,-70.39,26.72,-32.19,34.65,122.61,36.33,-94.03,21.3],"edges":[20,28,28,22,24,26,22,24,0,26,0,2,2,4,4,6,6,8,8,10,10,12,12,14,18,20,14,16,16,18,20,22],"width":246,"type":"mesh","hull":14,"height":70}},"root":{"Layer 161 copy 16":{"triangles":[4,5,6,6,13,3,6,3,4,14,1,2,14,2,3,13,14,3,15,1,14,11,13,6,20,0,1,20,1,15,12,13,11,9,11,6,16,20,15,10,11,9,18,19,20,16,18,20,18,16,17,7,8,9,6,7,9],"uvs":[0,0.07084,0.03154,0.10137,0.36532,0.01655,0.5964,0,0.91561,0,1,0.022,1,0.74888,0.95375,1,0.88329,1,0.83702,0.94873,0.80562,0.99153,0.79405,0.91816,0.74778,0.92733,0.70647,0.86007,0.34779,0.86977,0.2581,0.90944,0.16451,0.95273,0.1743,1,0.12165,1,0.03949,1,0,0.91953],"vertices":[-98.19,5.96,-91.21,2.65,-17.32,11.83,33.84,13.62,104.51,13.62,123.19,11.24,123.19,-67.43,112.95,-94.61,97.35,-94.61,87.11,-89.06,80.16,-93.69,77.6,-85.75,67.35,-86.74,58.21,-79.46,-21.2,-80.51,-41.05,-84.8,-61.77,-89.49,-59.61,-94.61,-71.26,-94.61,-89.45,-94.61,-98.19,-85.9],"edges":[0,2,2,4,4,6,6,8,8,10,10,12,12,14,14,16,16,18,18,20,20,22,22,24,24,26,26,28,28,30,30,32,32,34,34,36,36,38,38,40,0,40],"width":259,"type":"mesh","hull":21,"height":140}},"Group 3 copy":{"Group 3 copy":{"triangles":[2,14,0,5,6,4,14,11,13,10,2,3,2,0,1,2,10,14,6,3,4,6,10,3,6,9,10,7,9,6,10,11,14,12,13,11,8,9,7],"uvs":[0,0.28612,0.12536,0.12875,0.32749,0.07629,0.62455,0.04631,0.77461,0.04631,0.93692,0.14374,1,0.3161,1,0.75825,0.90936,0.99806,0.74399,0.90813,0.51736,0.90064,0.27543,0.92312,0.11618,0.99057,0.03043,0.85568,0,0.62336],"vertices":[-104,18.68,-77.92,32.06,-35.88,36.52,25.91,39.06,57.12,39.06,90.88,30.78,104,16.13,104,-21.45,85.15,-41.84,50.75,-34.19,3.61,-33.55,-46.71,-35.47,-79.84,-41.2,-97.67,-29.73,-104,-9.99],"edges":[0,2,2,4,4,6,6,8,8,10,10,12,12,14,14,16,16,18,18,20,20,22,22,24,24,26,26,28,0,28],"width":208,"type":"mesh","hull":15,"height":85}},"Layer 11":{"Layer 11":{"triangles":[3,13,0,6,4,5,4,6,3,7,8,6,3,12,13,8,3,6,1,2,3,0,1,3,12,3,10,8,9,3,10,11,12,3,9,10],"uvs":[0,0.26678,0.122,0.09143,0.28731,0,0.48362,0,0.77636,0,0.91757,0.06856,1,0.28203,1,0.73946,0.84869,0.83857,0.62138,0.93006,0.43885,0.98343,0.19088,0.9758,0.0669,0.87669,0,0.73946],"vertices":[-129,7.74,-97.4,28.26,-54.59,38.95,-3.74,38.95,72.08,38.95,108.65,30.93,130,5.96,130,-47.56,90.81,-59.16,31.94,-69.86,-15.34,-76.11,-79.56,-75.21,-111.67,-63.62,-129,-47.56],"edges":[0,2,2,4,4,6,6,8,8,10,10,12,12,14,14,16,16,18,18,20,20,22,22,24,24,26,0,26],"width":259,"type":"mesh","hull":14,"height":117}},"xeng":{"xeng":{"scaleX":0.4128,"scaleY":0.4128,"width":226,"y":0.5,"height":209}},"deco char":{"deco char":{"triangles":[1,2,3,1,3,0],"uvs":[1,1,0,1,0,0,1,0],"vertices":[130.08,-105.84,-104.22,-105.84,-104.22,103.29,130.08,103.29],"edges":[0,2,2,4,4,6,0,6],"width":235,"type":"mesh","hull":4,"height":206}}}},"skeleton":{"images":"","spine":"3.7-from-3.8-from-4.0-from-4.1.23","audio":"","hash":"jU/wgrSvsFA"},"slots":[{"attachment":"deco char","name":"deco char","bone":"root"},{"attachment":"cards","name":"cards","bone":"labai"},{"attachment":"xeng","name":"xeng","bone":"xeng"},{"attachment":"Layer 11","name":"Layer 12","bone":"bone7"},{"attachment":"Layer 101-2","name":"Layer 101","bone":"bone12"},{"name":"Layer 1",