{"skins":{"default":{"A":{"A":{"x":-3.44,"width":47,"y":34.11,"height":74}},"Abc":{"Abc":{"color":"ce3a3aff","vertices":[93.06,152.7,97.38,149.87,99.48,147.14,100.44,144.44,100.49,140.1,100.6,-138.66,99.94,-141.06,98.06,-143.4,96.28,-145.12,86.36,-150.62,80.89,-152.25,74.56,-154.32,66.69,-156.53,57.9,-158.93,48.4,-160.61,35.22,-162.69,25.66,-163.49,7.25,-164.66,-7.42,-164.85,-17.24,-164.71,-30.69,-163.52,-42.46,-162,-48.9,-161.13,-61.65,-158.51,-72.16,-156.37,-81.56,-153.78,-88.81,-151.7,-95.47,-148.98,-100.53,-146.76,-103.92,-144.44,-106.38,-141.6,-107.19,-138.84,-107.34,144.2,-106.8,146.72,-105.16,149.4,-102.78,151.62,-95.59,154.83,-90.09,156.51,-85.67,157.95,-71.48,162.28,-59.47,165.12,-49.33,167.08,-29.91,169.93,-20.69,170.65,-9.3,171.39,-0.9,171.77,10.65,171.54,18.5,170.77,27.12,169.77,40.73,168.15,51.02,166.35,61.72,163.7,68.93,161.58,79,158.18,86.95,155.22],"end":"Layer 1","type":"clipping","vertexCount":55}},"18+":{"18+":{"x":4.75,"width":53,"y":-0.17,"height":27}},"khung":{"khung":{"x":-3.2,"width":244,"y":0.64,"height":373}},"G":{"G":{"x":-3.23,"width":44,"y":26.54,"height":62}},"H":{"H":{"x":-3.48,"width":45,"y":25.55,"height":62}},"Live":{"LIVE":{"scaleX":0.863,"scaleY":0.863,"x":-3.01,"width":62,"y":-143.28,"height":30}},"N":{"N":{"x":-2.58,"width":45,"y":24.95,"height":62}},"gai":{"gai":{"triangles":[14,49,15,47,44,48,44,43,48,49,43,42,49,48,43,28,27,46,46,45,47,47,45,44,42,43,18,44,45,20,45,21,20,43,44,18,44,19,18,44,20,19,46,27,45,49,16,15,49,42,16,21,45,24,24,23,22,21,24,22,42,17,16,42,18,17,45,27,26,45,26,25,24,45,25,41,37,3,37,41,40,40,38,37,3,37,55,55,35,34,55,54,3,3,54,4,54,53,4,41,3,1,3,2,1,1,0,41,40,39,38,36,35,37,55,37,35,4,53,5,34,33,55,33,32,55,53,52,5,52,53,51,55,51,54,55,50,51,55,32,50,53,54,51,5,52,6,32,56,50,32,31,56,52,58,6,51,57,52,52,57,58,51,50,57,50,56,57,6,58,7,47,56,46,46,56,30,46,29,28,30,56,31,29,46,30,57,49,58,58,49,14,7,58,8,58,14,13,56,48,57,57,48,49,56,47,48,8,13,12,13,8,58,9,11,10,11,9,12,9,8,12],"uvs":[1,0.87035,0.90437,0.85573,0.86138,0.82833,0.81839,0.83137,0.80259,0.80153,0.87132,0.70751,0.89296,0.67789,0.91283,0.64859,0.95614,0.58471,0.99007,0.50968,0.98836,0.46164,0.96273,0.42131,0.92236,0.39052,0.83925,0.36466,0.77549,0.35571,0.74418,0.33007,0.72037,0.31057,0.6762,0.24779,0.589,0.12119,0.51545,0.04297,0.41582,0,0.28082,0,0.1961,0.03393,0.13372,0.08951,0.11195,0.17396,0.10834,0.27187,0.11195,0.35347,0.11376,0.37041,0.0885,0.45099,0.0751,0.54402,0.07305,0.61818,0.08322,0.67393,0.08899,0.70555,0.09028,0.73314,0.09234,0.77719,0.07058,0.84324,0.06774,0.89119,0.07247,0.91747,0.0261,0.95031,0,0.9779,0,1,1,1,0.63007,0.37412,0.52968,0.42585,0.41712,0.41318,0.22395,0.38362,0.22395,0.41107,0.40343,0.44697,0.53273,0.45436,0.64528,0.40157,0.41256,0.68665,0.56163,0.69087,0.74415,0.69509,0.73046,0.71621,0.56619,0.71304,0.41104,0.7141,0.40496,0.66659,0.56771,0.66659,0.75176,0.66975],"vertices":[2,1,41.36,-124.41,0.99989,2,-205.7,-25.47,1.1E-4,2,1,45.9,-99.26,0.99984,2,-189.25,-5.91,1.6E-4,2,1,55.77,-87.66,0.99948,2,-174.91,-0.75,5.2E-4,2,1,54.2,-76.49,0.99845,2,-170.72,9.72,0.00155,2,1,65.26,-71.94,0.99602,2,-158.87,8.17,0.00398,2,1,101.27,-88.52,0.99108,2,-135.88,-24.13,0.00892,2,1,112.61,-93.74,0.98262,2,-128.63,-34.3,0.01738,2,1,123.82,-98.5,0.96762,2,-121.28,-44,0.03238,2,1,148.25,-108.88,0.94534,2,-105.25,-65.16,0.05466,2,1,176.78,-116.65,0.91176,2,-84.37,-86.1,0.08824,2,1,194.81,-115.52,0.86509,2,-68.16,-94.08,0.13491,2,1,209.71,-108.26,0.80409,2,-51.62,-95.19,0.19591,2,1,220.88,-97.29,0.72912,2,-36.48,-91.23,0.27088,2,1,229.77,-75.24,0.64259,2,-17.8,-76.53,0.35741,2,1,232.49,-58.48,0.54825,2,-7.1,-63.35,0.45175,2,1,241.81,-49.95,0.44959,2,5.23,-60.58,0.55041,2,1,248.9,-43.46,0.3282,2,14.61,-58.48,0.6718,2,1,272.05,-31.04,0.22007,2,40.87,-59.22,0.77993,2,1,318.76,-6.48,0.13297,2,93.6,-61.15,0.86703,2,1,347.41,13.82,0.07294,2,128.56,-57.79,0.92706,2,1,362.56,40.42,0.03962,2,154.94,-42.25,0.96038,2,1,361.22,75.63,0.02975,2,171.29,-11.04,0.97025,2,1,347.63,97.24,0.04099,2,170.25,14.47,0.95901,2,1,326.13,112.71,0.07381,2,159.29,38.59,0.92619,2,1,294.18,117.18,0.13053,2,133.8,58.35,0.86947,2,1,257.36,116.72,0.21227,2,101.62,76.27,0.78773,2,1,226.73,114.6,0.31568,2,74.01,89.67,0.68432,2,1,220.39,113.89,0.43517,2,68.14,92.21,0.56483,2,1,189.86,119.32,0.54195,2,44.37,112.11,0.45805,2,1,154.77,121.49,0.65399,2,15,131.44,0.34601,2,1,126.89,120.96,0.76725,2,-9.45,144.85,0.23275,2,1,106.04,117.51,0.8766,2,-29.25,152.23,0.1234,2,1,94.22,115.55,0.93535,2,-40.48,156.41,0.06465,2,1,83.87,114.82,0.96379,2,-49.82,160.92,0.03621,2,1,67.33,113.65,0.97485,2,-64.75,168.13,0.02515,2,1,42.3,118.38,0.98306,2,-84.11,184.69,0.01694,2,1,24.26,118.43,0.98919,2,-99.74,193.71,0.01081,2,1,14.43,116.82,0.99363,2,-109.06,197.2,0.00637,2,1,1.63,128.44,0.9966,2,-114.39,213.65,0.0034,2,1,-9,134.85,0.99839,2,-120.42,224.5,0.00161,2,1,-17.3,134.54,0.99933,2,-127.78,228.35,6.7E-4,2,1,-7.35,-126.27,0.99975,2,-248.88,-2.85,2.5E-4,2,1,224.13,-20.82,0.32583,2,4.38,-26.52,0.67417,2,1,203.69,4.62,0.32515,2,-0.69,5.72,0.67485,2,1,207.33,34.16,0.3216,2,17.16,29.53,0.6784,2,1,216.52,84.96,0.31627,2,50.4,69.04,0.68373,2,1,206.21,84.57,0.45609,2,41.26,73.83,0.54391,2,1,194.5,37.24,0.47353,2,7.57,38.59,0.52647,2,1,193.01,3.42,0.47899,2,-10.55,9.99,0.52101,2,1,213.97,-25.18,0.46961,2,-6.6,-25.24,0.53039,2,1,104.54,31.43,0.95692,2,-73.37,78.3,0.04308,2,1,104.44,-7.51,0.97189,2,-92.83,44.57,0.02811,2,1,104.67,-55.18,0.98043,2,-116.34,3.11,0.01957,2,1,96.6,-51.91,0.98926,2,-121.72,9.96,0.01074,2,1,96.15,-9.02,0.98403,2,-100.77,47.39,0.01597,2,1,94.21,31.43,0.97562,2,-82.33,83.44,0.02438,2,1,112,33.7,0.9165,2,-65.77,76.56,0.0835,2,1,113.62,-8.75,0.94528,2,-85.48,38.93,0.05472,2,1,114.26,-56.8,0.96205,2,-108.82,-3.07,0.03795],"edges":[0,2,2,4,4,6,6,8,16,18,18,20,20,22,22,24,24,26,26,28,32,34,34,36,36,38,38,40,40,42,42,44,44,46,46,48,48,50,50,52,52,54,54,56,56,58,58,60,68,70,70,72,72,74,74,76,76,78,78,80,80,82,0,82,32,84,84,86,86,88,88,90,90,52,54,92,92,94,94,96,96,98,28,30,30,32,98,30,64,100,100,102,102,104,104,12,8,10,10,12,10,106,106,108,108,110,64,66,66,68,110,66,60,62,62,64,62,112,112,114,114,116,12,14,14,16,116,14],"width":261,"type":"mesh","hull":42,"height":376}},"nen":{"nen":{"x":-3.39,"width":214,"y":3.2,"height":343}},"X":{"X":{"x":-3.44,"width":45,"y":24.83,"height":62}},"I 2":{"I 2":{"x":-3.68,"width":28,"y":24.35,"height":62}},"Layer 1":{"Layer 1":{"x":-3.39,"width":258,"y":-106.8,"height":172}},"I 1":{"I 1":{"x":-4.16,"width":28,"y":26.38,"height":62}},"Live copy":{"LIVE copy":{"scaleX":0.863,"scaleY":0.863,"x":-10.59,"width":162,"y":6.63,"height":107}},"girl-0nen":{"girl-0nen":{"scaleX":0.837,"scaleY":0.837,"x":-3.22,"width":259,"y":2.7,"height":415}}}},"skeleton":{"images":"./images/","width":244,"spine":"3.7.94","audio":"E:/OUTSOURCE GAME/ACE update/OTHER/anim banner new","hash":"6syxwyYduacZNf6QxNgx3rR3XCc","height":402.08},"slots":[{"attachment":"khung","name":"khung","bone":"root"},{"attachment":"Abc","name":"Abc","bone":"root"},{"attachment":"nen","name":"nen","bone":"root"},{"attachment":"girl-0nen","name":"girl-0nen","bone":"root"},{"attachment":"gai","name":"gai","bone":"gai"},{"attachment":"Layer 1","name":"Layer 1","bone":"root"},{"attachment":"18+","name":"18+","bone":"18+"},{"attachment":"G","name":"G","bone":"G"},{"attachment":"A","name":"A","bone":"A"},{"attachment":"I 1","name":"I 1","bone":"I 1"},{"attachment":"X","name":"X","bone":"X"},{"attachment":"I 2","name":"I 2","bone":"I 2"},{"attachment":"N","name":"N","bone":"N"},{"attachment":"H","name":"H","bone":"H"},{"attachment":"LIVE","name":"Live","bone":"root"},{"attachment":"LIVE copy","blend":"screen","name":"Live copy","bone":"Live copy"}],"bones":[{"name":"root"},{"parent":"root","rotation":87.82,"name":"gai","length":207.14,"x":2.7,"y":-193.64},{"parent":"gai","rotation":29.83,"name":"gai2","length":147.08,"x":207.14},{"parent":"root","name":"G","x":-75.69,"y":-129.84},{"parent":"root","name":"A","x":-45.98,"y":-131.42},{"parent":"root","name":"I 1","x":-21.76,