{"skins":{"default":{"12":{"12":{"triangles":[13,21,12,38,37,13,37,21,13,22,53,12,21,22,12,54,12,53,11,12,54,20,21,37,36,37,38,20,37,36,39,38,13,36,38,39,10,11,54,52,53,22,23,22,21,23,21,20,52,22,23,55,54,53,55,53,52,10,54,55,19,20,36,24,23,20,51,52,23,55,52,51,35,36,39,19,36,35,19,24,20,51,23,24,40,39,13,35,39,40,9,10,55,56,55,51,9,55,56,18,19,35,25,24,19,34,35,40,18,35,34,18,25,19,41,34,40,50,51,24,50,24,25,56,51,50,57,9,56,57,56,50,8,9,57,17,18,34,25,18,17,58,8,57,49,57,50,58,57,49,33,17,34,33,34,41,26,50,25,26,25,17,49,50,26,42,41,40,33,41,42,7,8,58,59,7,58,48,49,26,16,27,26,48,26,27,16,17,33,16,26,17,32,33,42,16,33,32,43,32,42,59,49,48,49,59,58,47,59,48,60,7,59,60,59,47,28,48,27,47,48,28,15,27,16,15,16,32,28,27,15,31,32,43,15,32,31,0,44,43,31,43,44,14,29,28,46,60,47,15,14,28,61,7,60,61,60,46,30,15,31,45,30,31,14,15,30,44,45,31,6,7,61,5,61,46,6,61,5,47,29,46,29,47,28,4,46,29,5,46,4,3,29,14,4,29,3,2,14,30,3,14,2,1,30,45,2,30,1,13,42,40,42,13,0,0,43,42,45,44,0,1,45,0],"uvs":[1,1,0.89082,1,0.761,1,0.60462,1,0.39809,1,0.22106,1,0,1,0,0.54648,0,0.42996,0,0.29755,0,0.19162,0,0.09805,0,0,1,0,0.61642,0.89076,0.62823,0.78306,0.64888,0.64712,0.64593,0.51824,0.64593,0.37523,0.64593,0.2693,0.62232,0.15454,0.59872,0.04685,0.42464,0.05568,0.4453,0.19515,0.4571,0.27813,0.47185,0.38759,0.46005,0.53236,0.463,0.64535,0.45415,0.78306,0.4571,0.88369,0.78165,0.89958,0.7905,0.79365,0.7787,0.6683,0.76985,0.5253,0.7787,0.38406,0.77575,0.27636,0.76395,0.16514,0.74034,0.03979,0.89377,0.04332,0.90852,0.17396,0.93802,0.28696,0.92327,0.39995,0.93507,0.53236,0.92327,0.68066,0.92327,0.81131,0.89672,0.91371,0.26237,0.88899,0.30663,0.75305,0.33908,0.63476,0.33023,0.5253,0.33613,0.40171,0.31843,0.27636,0.31843,0.19338,0.28597,0.05391,0.1473,0.0751,0.16796,0.21104,0.19451,0.30991,0.19156,0.4176,0.18566,0.51824,0.17386,0.6277,0.1591,0.76011,0.12075,0.89429],"vertices":[1,4,-62.53,-84.46,1,1,4,-65.78,-60.44,1,1,4,-69.64,-31.88,1,2,4,-74.29,2.52,0.99484,5,-121.75,18.99,0.00516,2,4,-80.43,47.96,0.94384,5,-121.75,64.84,0.05616,3,4,-85.69,86.9,0.88616,5,-121.75,104.14,0.11372,7,-209.59,122.45,1.2E-4,3,4,-92.26,135.54,0.85383,5,-121.75,153.22,0.14554,7,-204.1,171.22,6.2E-4,5,4,74.48,158.07,0.26833,5,46.5,153.22,0.47039,6,15.5,153.84,0.01921,7,-36.9,152.41,0.17292,8,-93.11,150.31,0.06916,5,4,117.32,163.86,0.11771,5,89.73,153.22,0.38369,6,58.34,148.05,0.02585,7,6.06,147.57,0.26832,8,-50.05,146.46,0.20443,5,4,166,170.44,0.0305,5,138.86,153.22,0.21475,6,107.02,141.47,0.01053,7,54.87,142.08,0.27122,8,-1.12,142.09,0.47301,5,4,204.95,175.7,0.00586,5,178.16,153.22,0.10842,6,145.97,136.21,0.00118,7,93.93,137.69,0.18006,8,38.02,138.6,0.70447,4,4,239.35,180.35,3.6E-4,5,212.87,153.22,0.05476,7,128.42,133.81,0.10033,8,72.6,135.51,0.84455,3,5,249.25,153.22,0.03654,7,164.57,129.74,0.06758,8,108.83,132.28,0.89588,2,7,139.75,-90.87,0.00908,8,89.09,-88.84,0.99092,2,4,-33.77,5.35,0.99439,5,-81.22,16.37,0.00561,3,4,6.18,8.1,0.98617,5,-41.27,13.75,0.01371,7,-139.71,23.63,1.2E-4,3,4,56.77,10.32,0.14076,5,9.17,9.17,0.85876,7,-90.11,13.43,4.9E-4,4,4,104.07,17.37,0.00367,5,56.98,9.82,0.66094,6,6.68,10.33,0.33357,7,-42.52,8.74,0.00182,4,4,156.64,24.47,9.0E-5,5,110.04,9.82,0.00354,6,59.26,3.23,0.00362,7,10.2,2.81,0.99274,3,6,98.21,-2.04,3.9E-4,7,49.26,-1.59,0.84474,8,-3.44,-1.67,0.15487,1,8,39.44,-0.23,1,2,5,231.87,20.3,4.0E-5,8,79.7,1.43,0.99996,3,5,228.59,58.95,0.00829,7,133.51,38.37,0.01127,8,79.87,40.22,0.98044,5,4,216.89,77.56,2.4E-4,5,176.85,54.36,0.02853,6,131.43,38.42,4.0E-5,7,81.57,39.6,0.1254,8,27.93,40.25,0.84579,5,4,186.73,70.84,0.00266,5,146.06,51.74,0.06135,6,100.58,39.95,0.00898,7,50.69,40.44,0.4636,8,-2.97,40.38,0.46341,5,4,146.92,62.16,0.01516,5,105.45,48.47,0.1804,6,59.89,42.14,0.17131,7,9.97,41.72,0.55333,8,-43.71,40.73,0.0798,5,4,93.35,57.56,0.10722,5,51.74,51.09,0.64294,6,7.02,51.93,0.14192,7,-43.11,50.33,0.09722,8,-96.98,48.11,0.0107,5,4,51.89,51.3,0.39202,5,9.82,50.43,0.57595,6,-34.61,56.89,0.00663,7,-84.84,54.37,0.02449,8,-138.79,51.19,9.1E-4,3,4,1,46.4,0.83484,5,-41.27,52.4,0.15989,7,-135.39,62.03,0.00526,3,4,-35.91,40.75,0.93887,5,-78.6,51.74,0.06039,7,-172.57,65.55,7.4E-4,2,4,-32.1,-31.44,0.9989,6,-137.56,-0.58,0.0011,3,4,7.1,-28.12,0.97044,5,-45.2,-22.27,0.00817,6,-98.87,-7.79,0.02139,3,4,52.84,-19.3,0.3837,5,1.31,-19.65,0.48635,6,-52.44,-11.42,0.12996,2,6,0.4,-16.58,0.99505,7,-48.2,-18.31,0.00495,3,6,52.07,-25.54,0.46259,7,3.65,-26.12,0.51656,8,-48.46,-27.24,0.02085,3,6,91.75,-30.24,0.0612,7,43.43,-29.93,0.60071,8,-8.61,-30.14,0.33808,3,6,133,-33.17,0.00388,7,84.73,-31.94,0.07239,8,32.73,-31.2,0.92373,2,7,131.53,-31.93,5.9E-4,8,79.51,-30.12,0.99941,2,7,126.42,-65.63,0.01381,8,75.18,-63.92,0.98619,3,6,125.45,-64.54,0.02563,7,77.89,-63.47,0.18957,8,26.61,-62.88,0.78479,3,6,83.03,-65.42,0.19728,7,35.5,-65.29,0.47172,8,-15.73,-65.67,0.331,3,6,41.93,-56.56,0.61375,7,-5.79,-57.35,0.33868,8,-57.19,-58.68,0.04758,4,4,107.47,-46.95,0.01862,5,51.74,-54.37,0.04955,6,-7.11,-52.58,0.89136,7,-54.9,-54.46,0.04047,3,4,52.59,-51.72,0.46272,5,-3.27,-51.74,0.22691,6,-61.28,-42.61,0.31037,3,4,4.56,-58.21,0.92744,5,-51.74,-51.75,0.02542,6,-109.31,-36.12,0.04714,3,4,-33.88,-57.45,0.99654,5,-89.73,-45.85,2.0E-5,6,-146.17,-25.19,0.00343,3,4,-43.65,83.33,0.85569,5,-80.56,94.97,0.14046,7,-169.69,108.73,0.00385,5,4,7.65,80.35,0.68567,5,-30.13,85.15,0.2927,6,-69.56,96.65,7.0E-5,7,-120.67,93.33,0.0212,8,-175.5,89.32,3.5E-4,5,4,52.1,79.08,0.39403,5,13.75,77.94,0.52499,6,-27.03,83.63,0.01477,7,-77.86,81.26,0.05936,8,-132.43,78.24,0.00686,5,4,92.08,86.47,0.1688,5,54.36,79.91,0.54287,6,13.47,80.14,0.08369,7,-37.29,78.68,0.16563,8,-91.8,76.59,0.03902,5,4,137.7,91.31,0.04844,5,100.21,78.6,0.30423,6,58.73,72.7,0.09922,7,8.13,72.25,0.389,8,-46.25,71.21,0.1591,5,4,183.26,101.43,0.00976,5,146.72,82.53,0.12497,6,105.35,70.37,0.01427,7,54.78,70.96,0.34408,8,0.42,70.98,0.50692,5,4,213.76,105.56,0.0017,5,177.5,82.53,0.06222,6,135.85,66.24,8.6E-4,7,85.37,67.51,0.17124,8,31.08,68.25,0.76398,3,5,229.25,89.73,0.0226,7,137.6,68.89,0.04093,8,83.26,70.82,0.93647,4,4,252.17,149.08,4.0E-5,5,221.39,120.52,0.04077,7,133.23,100.36,0.07675,8,78.17,102.18,0.88245,5,4,202.8,137.78,0.0064,5,170.95,115.93,0.10926,6,133.84,100.22,0.00248,7,82.6,101.44,0.20372,8,27.53,102.1,0.67814,5,4,167.24,127.03,0.0275,5,134.27,110.04,0.20675,6,96.7,99.29,0.01965,7,45.49,99.68,0.31614,8,-9.53,99.49,0.42996,5,4,127.56,122.33,0.08931,5,94.32,110.69,0.36346,6,57.19,105.29,0.04749,7,5.86,104.8,0.30345,8,-49.27,103.7,0.19628,5,4,90.38,118.63,0.20544,5,56.98,112,0.48291,6,20.37,111.59,0.04058,7,-31.1,110.28,0.19572,8,-86.34,108.32,0.07535,5,4,49.79,115.79,0.40215,5,16.37,114.62,0.47121,6,-19.53,119.63,0.01184,7,-71.16,117.42,0.0953,8,-126.55,114.54,0.01951,5,4,0.67,112.45,0.65917,5,-32.75,117.9,0.30852,6,-67.77,129.45,1.3E-4,7,-119.61,126.17,0.03095,8,-175.19,122.17,0.00122,3,4,-49.81,114.22,0.82174,5,-82.53,126.41,0.17263,7,-168.13,140.19,0.00562],"width":222,"edges":[24,26,0,26,6,8,4,6,0,2,2,4,8,10,10,12,12,14,14,16,16,18,18,20,20,22,22,24],"type":"mesh","hull":14,"height":371}},"SET1":{"SET1":{"rotation":172.97,"x":-73.54,"width":216,"y":32.28,"height":257}},"BG2":{"BG":{"rotation":161.71,"x":-81.17,"width":182,"y":-115.38,"height":389}},"SET11":{"SET11":{"rotation":172.97,"x":-82.05,"width":224,"y":-69.44,"height":375}},"SET8":{"SET8":{"rotation":172.97,"x":16.56,"width":175,"y":-0.99,"height":179}},"SET12":{"SET12":{"rotation":172.97,"x":-48.87,"width":279,"y":40.32,"height":295}},"SET9":{"SET9":{"rotation":172.97,"x":1.36,"width":223,"y":6.42,"height":286}},"SET6":{"SET6":{"rotation":172.97,"x":-95.32,"width":171,"y":-1.31,"height":203}},"3":{"1":{"rotation":-91.19,"x":7.41,"width":137,"y":-24.44,"height":31}},"SET10":{"SET10":{"rotation":172.97,"x":-98.45,"width":205,"y":-18.55,"height":216}},"SET7":{"SET7":{"rotation":172.97,"x":-91.14,"width":219,"y":-16.43,"height":186}},"4":{"2":{"rotation":-90,"x":11.57,"width":180,"y":-0.51,"height":48}},"SET15":{"SET15":{"rotation":172.97,"x":-98.84,"width":192,"y":31.37,"height":265}},