{"skins":{"default":{"CLAM M":{"CLAM M":{"x":1.91,"width":94,"y":8.34,"height":14}},"PEARL":{"PEARL":{"x":4.34,"width":48,"y":26.15,"height":48}},"BG":{"BG":{"width":264,"height":418}},"THUYCUNG":{"THUYCUNG":{"x":2.44,"width":212,"y":4.89,"height":170}},"CLAM U":{"CLAM U":{"rotation":-106.78,"x":52.55,"width":140,"y":2.59,"height":99}},"WOMB_EYE 2":{"WOMB_EYE 2":{"x":4.82,"width":37,"y":3.63,"height":43}},"CLAM D":{"CLAM D":{"x":-1.34,"width":151,"y":-15.51,"height":75}},"WOMB_EYE 1":{"WOMB_EYE 1":{"x":-1.09,"width":36,"y":3.95,"height":42}},"WOMB_BODY":{"WOMB_BODY":{"triangles":[0,27,26,25,0,26,31,2,1,3,2,31,4,3,31,5,4,31,6,5,31,31,1,0,31,0,25,24,31,25,23,31,24,28,6,31,7,6,28,28,31,23,8,7,28,22,28,23,28,9,8,21,28,22,20,28,21,20,29,28,19,29,20,29,9,28,10,9,29,11,10,29,12,11,29,18,29,19,14,13,12,30,29,18,29,14,12,18,16,30,30,14,29,17,16,18,15,30,16,14,30,15],"uvs":[0.79068,0.03329,0.58298,0,0.44563,0.01615,0.34178,0.0925,0.27718,0.19065,0.24128,0.24519,0.18047,0.33005,0.14748,0.37608,0.06708,0.47112,0.04698,0.56305,0.02332,0.63144,8.0E-5,0.69861,0,0.81547,0.02353,0.94012,0.12738,0.98375,0.29488,1,0.48349,0.99151,0.57242,0.95914,0.58402,0.84763,0.60722,0.72894,0.64215,0.66497,0.66909,0.61564,0.74255,0.53471,0.76575,0.44119,0.83491,0.37686,0.89722,0.31889,1,0.20571,1,0.12478,0.34815,0.51145,0.26696,0.74705,0.28242,0.94487,0.46959,0.33633],"vertices":[1,6,43.31,-3.66,1,1,6,42.62,9.5,1,1,6,37.6,16.36,1,1,6,26.14,18.45,1,2,5,39.34,16.01,0.01521,6,12.95,17.3,0.98479,2,5,31.98,16.06,0.14954,6,5.62,16.66,0.85046,2,5,20.45,16.43,0.71632,6,-5.9,15.94,0.28368,2,5,14.19,16.62,0.92084,6,-12.15,15.56,0.07916,2,4,33.07,17.6,0.01038,5,1.07,17.74,0.98962,3,3,49.65,12.87,1.9E-4,4,21.17,16.9,0.39861,5,-10.64,15.5,0.6012,3,3,40.86,14.46,0.03939,4,12.23,16.9,0.7391,5,-19.5,14.33,0.22151,3,3,32.22,16.01,0.26341,4,3.45,16.9,0.6791,5,-28.2,13.19,0.05749,3,3,17.15,16.3,0.91519,4,-11.43,14.5,0.08436,5,-42.65,8.88,4.5E-4,1,3,1.04,15.19,1,1,3,-4.7,9.07,1,1,3,-6.99,-0.94,1,1,3,-6.11,-12.27,1,2,3,-2.03,-17.69,0.99987,4,-24.26,-22.36,1.3E-4,2,3,12.34,-18.65,0.90079,4,-9.95,-20.75,0.09921,3,3,27.62,-20.33,0.30882,4,5.39,-19.69,0.69099,5,-21.53,-22.83,1.9E-4,3,3,35.83,-22.59,0.07423,4,13.87,-20.44,0.9044,5,-13.02,-22.48,0.02137,3,3,42.16,-24.32,0.01314,4,20.41,-21.03,0.88282,5,-6.46,-22.21,0.10403,3,4,31.42,-23.72,0.58814,5,4.81,-23.44,0.39205,6,-17.74,-25.21,0.01981,3,4,43.55,-23.17,0.20045,5,16.76,-21.32,0.58021,6,-6.04,-21.99,0.21934,3,4,52.41,-25.94,0.04885,5,25.9,-22.93,0.37293,6,3.21,-22.72,0.57822,3,4,60.38,-28.44,0.00903,5,34.14,-24.37,0.16216,6,11.55,-23.39,0.82881,2,5,49.89,-26.1,0.01018,6,27.39,-23.64,0.98982,2,5,59.9,-23.11,1.0E-5,6,37.07,-19.73,0.99999,2,4,30.61,0.12,0.55414,5,0.91,0.09,0.44586,3,3,25.67,0.12,0.55551,4,-0.17,0.09,0.44446,5,-29.61,-3.94,4.0E-5,1,3,0.14,-0.32,1,3,4,54.08,-3.47,2.3E-4,5,24.64,-0.43,0.58824,6,-0.15,-0.44,0.41153],"width":60,"edges":[0,2,2,4,4,6,14,16,16,18,22,24,24,26,26,28,28,30,30,32,32,34,34,36,36,38,42,44,44,46,50,52,52,54,0,54,56,44,56,46,46,48,48,50,62,48,10,12,12,14,62,12,6,8,8,10,62,8,62,50,38,40,40,42,58,40,18,20,20,22,58,20,56,16,56,14],"type":"mesh","hull":28,"height":129}},"WOMB_MOUTH":{"WOMB_MOUTH":{"rotation":-69.44,"x":0.18,"width":21,"y":0.63,"height":25}}}},"skeleton":{"images":"./WOMB/","x":-132,"width":264,"y":-209,"spine":"3.7-from-3.8.99","audio":"/Users/william/Documents/FISHING SLOT/ALL SYMBOL/WOMB","hash":"nUE/4H+Vagr22PP5x33kzVk40VA","height":418},"slots":[{"attachment":"BG","name":"BG","bone":"root"},{"attachment":"CLAM D","name":"CLAM D","bone":"bone9"},{"attachment":"CLAM U","name":"CLAM U","bone":"bone10"},{"attachment":"CLAM M","name":"CLAM M","bone":"bone9"},{"attachment":"PEARL","name":"PEARL","bone":"bone9"},{"attachment":"WOMB_BODY","name":"WOMB_BODY","bone":"BONE"},{"attachment":"WOMB_MOUTH","name":"WOMB_MOUTH","bone":"bone4"},{"attachment":"WOMB_EYE 2","name":"WOMB_EYE 2","bone":"bone5"},{"attachment":"WOMB_EYE 1","name":"WOMB_EYE 1","bone":"bone6"},{"attachment":"THUYCUNG","name":"THUYCUNG","bone":"bone8"}],"bones":[{"name":"root"},{"parent":"root","name":"bone8"},{"parent":"root","rotation":-17,"name":"BONE","x":71.83,"y":42.52},{"parent":"BONE","rotation":91.08,"name":"bone","length":25.82,"x":-39.08,"y":-17.39},{"parent":"bone","rotation":-10.24,"name":"bone2","length":30.58,"x":25.82},{"parent":"bone2","rotation":-7.47,"name":"bone3","length":24.83,"x":29.7,"y":0.15},{"parent":"bone3","rotation":-5.37,"name":"bone7","length":32.99,"x":24.83},{"parent":"bone7","rotation":1.44,"name":"bone4","x":-5.14,"y":-0.14},{"parent":"bone7","rotation":-68,"name":"bone5","x":22.05,"y":-14.66},{"parent":"bone7","rotation":-68,"name":"bone6","x":22.1,"y":9.72},{"parent":"BONE","rotation":86.58,"name":"BONE2","length":133.82,"x":71.53,"y":-3.59},{"parent":"BONE2","rotation":-0.93,"name":"BONE3","x":60.1,"y":2.23},{"parent":"root","name":"bone9","y":88.1},{"parent":"bone9","rotation":106.78,"name":"bone10","length":96.88,"x":26.93,"y":6.6}],"animations":{"animation":{"bones":{"bone5":{"scale":[{"x":0.869,"y":0.869,"time":0},{"x":1.085,"y":1.085,"time":0.8333},{"x":0.869,"y":0.869,"time":2.1667}]},"BONE3":{"rotate":[{"angle":0,"time":0.4333},{"angle":-89.09,"time":0.6667},{"angle":172.24,"time":0.9}],"scale":[{"x":0,"y":0,"time":0.4333},{"curve":"stepped","x":1,"y":1,"time":0.5},{"x":1,"y":1,"time":0.8333},{"x":0,"y":0,"time":0.9}]},"bone4":{"scale":[{"curve":[0.47999998927116394,0.07000000029802322,0.24500000476837158,0.25999999046325684],"x":1.408,"y":1.408,"time":0},{"x":0.454,"y":0.454,"time":1.8333},{"x":1.408,"y":1.408,"time":2.1667}]},"BONE2":{"rotate":[{"curve":"stepped","angle":60.86,"time":0},{"curve":[0.0860000029206276,0.33000001311302185,0,1.7100000381469727],"angle":60.86,"time":0.1333},{"curve":"stepped","angle":-9.67,"time":0.6667},{"curve":[0.6539999842643738,0.029999999329447746,0.21299999952316284,1.5],"angle":-9.67,"time":1.5},{"angle":62.15,"time":1.8}]},"bone10":{"shear":[{"curve":[0.6349999904632568,0,0.4320000112056732,1],"time":0},{"curve":[0.2540000081062317,0.5099999904632568,0.5479999780654907,1],"x":-16.91,"time":0.5},{"curve":[0.47099998593330383,0,0.3569999933242798,1],"x":4.84,"time":1.1},{"curve":[0.46700000762939453,0,0.3720000088214874,1],"x":-16.91,"time":1.6667},{"time":2.1667}]},"bone":{"rotate":[{"angle":0,"time":0},{"angle":-8.95,"time":0.1333},{"curve":[0,0.20999999344348907,0.1459999978542328,1],"angle":-10.11,"time":0.2667},{"curve":[0.421999990940094,0.009999999776482582,1,0.019999999552965164],"angle":-1.53,"time":0.8333},{"angle":-10.11,"time":1.3667},{"angle":-8.95,"time":1.5},{"curve":"stepped","angle":0,"time":1.6333},{"angle":0,"time":2.1667}],"scale":[{"x":0.72,"y":0.72,"time":0},{"x":0.846,"y":0.953,"time":0.1333},{"curve":[0,0.20999999344348907,0.1459999978542328,1],"x":0.951,"y":1,"time":0.2667},{"curve":[0.421999990940094,0.009999999776482582,1,0.019999999552965164],"x":1.042,"y":1.01,"time":0.8333},{"x":0.951,"y":1,"time":1.3667},{"x":0.846,"y":0.953,"time":1.5},{"curve":"stepped","x":0.72,"y":0.72,"time":1.6333},{"x":0.72,"y":0.72,"time":2.1667}],"translate":[{"y":-41.18,"time":0},{"y":-27.79,"time":0.1333},{"curve":"stepped","time":0.2667},{"curve":"stepped","time":0.8333},{"time":1.3667},{"y":-27.79,"time":1.5},{"curve":"stepped","y":-41.18,"time":1.6333},{"y":-41.18,"time":2.1667}]},"bone7":{"rotate":[{"angle":0,"time":0},{"angle":11.52,"time":0.1333},{"curve":[0,0.20999999344348907,0.1459999978542328,1],"angle":9.19,"time":0.2667},{"curve":[0.421999990940094,0.009999999776482582,1,0.019999999552965164],"angle":15.53,"time":0.8333},{"angle":9.19,"time":1.3667},{"angle":11.52,"time":1.5},{"curve":"stepped","angle":0,"time":1.6333},{"angle":0,"time":2.1667}],"scale":[{"x":0.72,"y":0.72,"time":0},{"x":0.846,"y":0.953,"time":0.1333},{"curve":[0,0.20999999344348907,0.1459999978542328,1],"x":0.951,"y":1,"time":0.2667},{"curve":[0.421999990940094,0.009999999776482582,1,0.019999999552965164],"x":1.042,"y":1.01,"time":0.8333},{"x":0.951,"y":1,